Temp,Occupants,Hours,Weekend,temp_squared,occupancy_hours,sin_day,cos_day,EnergyConsumption
16.66,263.0,8.88,0.0,277.63,2334.46,0.02,1.0,1893.41
14.93,457.0,8.15,0.0,222.89,3723.13,0.03,1.0,2975.86
17.46,320.0,8.43,0.0,304.83,2698.27,0.05,1.0,2404.5
20.26,497.0,9.36,0.0,410.35,4649.65,0.07,1.0,3172.02
15.16,253.0,11.21,0.0,229.74,2836.22,0.09,1.0,2618.53
15.33,44.0,3.74,1.0,234.97,164.77,0.1,0.99,1275.51
20.94,14.0,0.21,1.0,438.47,2.91,0.12,0.99,847.37
18.68,442.0,9.17,0.0,348.76,4054.89,0.14,0.99,2396.17
15.13,217.0,11.73,0.0,229.06,2544.76,0.15,0.99,2448.81
18.34,386.0,9.59,0.0,336.38,3700.99,0.17,0.99,2914.82
15.49,343.0,8.35,0.0,240.0,2863.49,0.19,0.98,2593.04
15.65,461.0,10.47,0.0,245.04,4825.87,0.21,0.98,3754.76
17.95,18.0,1.36,1.0,322.03,24.44,0.22,0.98,1351.0
11.65,2.0,3.26,1.0,135.65,6.52,0.24,0.97,1249.17
12.38,275.0,10.03,0.0,153.23,2758.15,0.26,0.97,2314.17
16.03,387.0,11.5,0.0,257.05,4449.3,0.27,0.96,3450.8
14.85,445.0,9.97,0.0,220.41,4438.51,0.29,0.96,3783.34
18.99,329.0,10.81,0.0,360.69,3556.17,0.3,0.95,3235.57
15.49,482.0,11.97,0.0,239.9,5770.15,0.32,0.95,3967.14
14.14,42.0,2.57,1.0,199.89,108.12,0.34,0.94,1530.47
22.93,31.0,2.11,1.0,525.95,65.27,0.35,0.94,832.11
18.02,462.0,9.58,0.0,324.72,4425.18,0.37,0.93,3039.33
19.06,390.0,9.69,0.0,363.25,3778.05,0.39,0.92,3145.35
14.74,262.0,9.64,0.0,217.29,2526.75,0.4,0.92,2417.92
17.54,211.0,11.63,0.0,307.61,2454.02,0.42,0.91,2337.41
19.66,340.0,10.86,0.0,386.54,3691.08,0.43,0.9,2564.96
16.03,8.0,3.49,1.0,256.94,27.9,0.45,0.89,1437.78
20.76,27.0,0.88,1.0,431.09,23.68,0.46,0.89,729.46
17.99,216.0,11.3,0.0,323.48,2439.75,0.48,0.88,1977.69
19.06,262.0,11.82,0.0,363.39,3096.9,0.49,0.87,2466.81
18.28,452.0,11.28,0.0,334.22,5100.73,0.51,0.86,3810.35
25.79,491.0,8.01,0.0,665.18,3931.07,0.52,0.85,2855.87
20.34,207.0,10.55,0.0,413.7,2182.94,0.54,0.84,2305.97
17.35,35.0,1.99,1.0,301.06,69.75,0.55,0.83,1089.96
23.13,7.0,2.22,1.0,535.21,15.55,0.57,0.82,720.79
17.15,491.0,8.24,0.0,293.97,4044.91,0.58,0.81,3056.15
21.57,483.0,10.42,0.0,465.43,5030.53,0.59,0.8,3501.54
15.21,317.0,10.75,0.0,231.22,3406.6,0.61,0.79,3222.25
17.24,374.0,8.46,0.0,297.08,3163.27,0.62,0.78,2875.32
21.94,275.0,9.54,0.0,481.58,2622.22,0.64,0.77,2628.27
23.7,31.0,0.8,1.0,561.77,24.74,0.65,0.76,972.2
22.13,16.0,2.72,1.0,489.76,43.53,0.66,0.75,692.48
21.4,469.0,8.48,0.0,457.85,3979.04,0.67,0.74,2882.77
20.97,270.0,9.68,0.0,439.62,2612.46,0.69,0.73,2485.07
17.56,379.0,11.0,0.0,308.32,4170.79,0.7,0.71,2957.16
19.96,323.0,8.28,0.0,398.28,2675.74,0.71,0.7,2476.36
20.85,492.0,8.32,0.0,434.91,4093.79,0.72,0.69,3191.95
25.53,6.0,2.91,1.0,651.55,17.45,0.74,0.68,1365.8
23.5,27.0,2.97,1.0,552.28,80.21,0.75,0.66,766.58
17.29,427.0,10.67,0.0,299.08,4557.92,0.76,0.65,2646.71
23.67,474.0,10.71,0.0,560.1,5078.76,0.77,0.64,3818.52
21.65,305.0,9.45,0.0,468.62,2881.54,0.78,0.63,2584.07
20.88,220.0,10.37,0.0,435.92,2282.42,0.79,0.61,1974.27
24.85,263.0,8.04,0.0,617.45,2114.66,0.8,0.6,1688.28
26.21,15.0,3.47,1.0,686.88,52.02,0.81,0.58,1196.16
26.01,22.0,2.31,1.0,676.45,50.92,0.82,0.57,881.89
20.79,484.0,10.45,0.0,432.39,5057.94,0.83,0.56,3254.39
22.48,347.0,11.49,0.0,505.29,3988.69,0.84,0.54,3444.98
24.49,480.0,10.9,0.0,599.86,5230.03,0.85,0.53,3958.45
26.51,363.0,8.48,0.0,703.01,3079.05,0.86,0.51,3191.36
22.24,423.0,11.61,0.0,494.49,4910.95,0.87,0.5,3423.23
23.2,41.0,1.69,1.0,538.33,69.16,0.88,0.48,1347.03
20.52,36.0,1.11,1.0,421.14,39.86,0.88,0.47,641.74
20.33,229.0,8.57,0.0,413.36,1962.2,0.89,0.45,1719.7
26.43,244.0,8.05,0.0,698.75,1963.43,0.9,0.44,1934.35
28.14,474.0,9.69,0.0,791.8,4592.18,0.91,0.42,3469.33
23.93,233.0,9.18,0.0,572.42,2138.98,0.91,0.41,2352.07
27.22,340.0,9.94,0.0,740.95,3380.96,0.92,0.39,2913.26
25.36,10.0,2.93,1.0,643.15,29.32,0.93,0.37,1305.11
22.4,15.0,0.53,1.0,501.89,7.89,0.93,0.36,1160.9
25.48,379.0,8.49,0.0,649.37,3218.47,0.94,0.34,2353.78
29.07,430.0,10.23,0.0,845.07,4400.86,0.95,0.33,3259.02
24.4,237.0,9.37,0.0,595.51,2221.32,0.95,0.31,2437.15
29.26,269.0,10.92,0.0,855.93,2936.59,0.96,0.29,2555.26
16.75,315.0,10.61,0.0,280.63,3341.89,0.96,0.28,3093.32
27.12,29.0,0.72,1.0,735.66,20.99,0.97,0.26,1204.41
24.96,29.0,3.42,1.0,623.09,99.11,0.97,0.24,833.03
23.84,208.0,9.72,0.0,568.54,2021.7,0.97,0.23,1729.64
25.05,487.0,10.69,0.0,627.69,5206.94,0.98,0.21,3692.4
18.85,249.0,9.1,0.0,355.34,2266.28,0.98,0.19,2449.34
24.19,204.0,9.23,0.0,584.95,1881.95,0.98,0.18,1949.72
25.94,325.0,11.16,0.0,673.13,3625.68,0.99,0.16,3109.48
29.33,15.0,1.44,1.0,860.43,21.55,0.99,0.14,1187.71
23.37,16.0,2.37,1.0,546.04,37.95,0.99,0.12,891.43
22.52,477.0,11.29,0.0,507.0,5385.18,0.99,0.11,3567.75
23.45,499.0,11.43,0.0,550.09,5703.69,1.0,0.09,3906.0
27.72,489.0,11.67,0.0,768.37,5704.94,1.0,0.07,4436.16
25.97,276.0,9.72,0.0,674.47,2683.81,1.0,0.06,2695.72
23.4,497.0,9.28,0.0,547.71,4609.91,1.0,0.04,3604.02
26.54,22.0,1.3,1.0,704.24,28.62,1.0,0.02,1217.48
25.29,17.0,3.09,1.0,639.64,52.6,1.0,0.0,1029.67
27.91,294.0,10.4,0.0,778.69,3058.86,1.0,-0.01,2567.62
22.89,334.0,10.82,0.0,523.92,3614.66,1.0,-0.03,3018.83
24.01,267.0,10.75,0.0,576.28,2871.22,1.0,-0.05,2661.17
23.8,346.0,9.5,0.0,566.58,3286.38,1.0,-0.06,2741.11
20.58,358.0,8.67,0.0,423.37,3102.94,1.0,-0.08,2624.9
25.84,37.0,0.68,1.0,667.68,25.12,1.0,-0.1,1411.85
25.72,2.0,2.08,1.0,661.3,4.16,0.99,-0.12,769.24
24.93,294.0,11.56,0.0,621.33,3398.75,0.99,-0.13,2339.17
24.18,380.0,9.38,0.0,584.82,3565.73,0.99,-0.15,2992.4
20.61,487.0,8.62,0.0,424.91,4196.89,0.99,-0.17,3160.94
23.57,386.0,8.1,0.0,555.42,3127.29,0.98,-0.18,2681.64
23.77,337.0,10.58,0.0,564.92,3566.57,0.98,-0.2,2737.35
22.35,27.0,2.83,1.0,499.67,76.33,0.98,-0.22,1154.42
24.24,20.0,0.67,1.0,587.45,13.36,0.97,-0.23,849.37
25.89,472.0,8.29,0.0,670.37,3911.39,0.97,-0.25,2799.17
30.29,343.0,9.64,0.0,917.68,3306.01,0.96,-0.27,3116.54
25.11,215.0,9.24,0.0,630.56,1987.65,0.96,-0.28,2287.69
25.31,444.0,10.71,0.0,640.57,4754.57,0.95,-0.3,3413.13
24.26,306.0,10.42,0.0,588.56,3189.47,0.95,-0.32,2860.97
18.67,21.0,3.38,1.0,348.62,70.91,0.94,-0.33,1312.1
24.29,9.0,3.22,1.0,589.97,29.0,0.94,-0.35,1059.29
24.49,203.0,11.95,0.0,599.66,2426.29,0.93,-0.37,2014.32
31.63,294.0,9.82,0.0,1000.62,2885.91,0.92,-0.38,2596.06
23.6,408.0,10.75,0.0,556.9,4387.26,0.92,-0.4,3176.14
25.01,424.0,8.56,0.0,625.53,3630.38,0.91,-0.41,2877.14
23.93,246.0,9.94,0.0,572.62,2445.82,0.9,-0.43,2541.28
20.45,22.0,0.23,1.0,418.3,5.02,0.9,-0.44,1173.05
27.31,5.0,2.12,1.0,745.78,10.62,0.89,-0.46,968.46
26.06,398.0,11.86,0.0,678.91,4718.72,0.88,-0.47,3145.56
26.09,305.0,9.54,0.0,680.7,2908.73,0.87,-0.49,2927.37
20.9,479.0,8.16,0.0,436.95,3906.72,0.86,-0.5,3013.33
27.75,459.0,8.12,0.0,770.15,3728.83,0.85,-0.52,3293.03
19.25,307.0,9.55,0.0,370.44,2932.45,0.85,-0.53,2693.83
25.12,32.0,1.26,1.0,631.01,40.47,0.84,-0.55,1076.84
29.83,27.0,2.03,1.0,890.12,54.78,0.83,-0.56,1085.99
20.19,370.0,11.02,0.0,407.79,4079.2,0.82,-0.58,2890.28
21.37,394.0,9.83,0.0,456.5,3874.63,0.81,-0.59,3138.28
23.26,211.0,9.16,0.0,541.06,1932.12,0.8,-0.61,2178.79
21.35,394.0,11.6,0.0,455.65,4570.53,0.79,-0.62,3292.54
18.1,482.0,8.46,0.0,327.5,4079.92,0.77,-0.63,3673.43
22.84,20.0,3.81,1.0,521.87,76.14,0.76,-0.65,1456.92
19.34,31.0,2.56,1.0,374.03,79.25,0.75,-0.66,996.86
23.83,381.0,11.55,0.0,568.01,4401.93,0.74,-0.67,2977.94
19.54,229.0,10.41,0.0,381.71,2384.3,0.73,-0.68,2523.57
26.83,283.0,11.31,0.0,719.66,3199.83,0.72,-0.7,2782.12
19.71,365.0,11.94,0.0,388.33,4356.66,0.71,-0.71,3306.86
20.97,483.0,9.15,0.0,439.6,4421.2,0.69,-0.72,3397.65
24.25,47.0,0.56,1.0,587.98,26.25,0.68,-0.73,1270.34
17.99,5.0,0.12,1.0,323.57,0.6,0.67,-0.74,388.28
22.23,465.0,9.54,0.0,494.35,4437.05,0.66,-0.76,2988.54
25.34,497.0,9.36,0.0,642.22,4652.69,0.64,-0.77,3436.59
16.47,495.0,10.17,0.0,271.1,5031.99,0.63,-0.78,4096.33
21.71,424.0,8.62,0.0,471.18,3653.43,0.62,-0.79,3162.85
21.8,241.0,10.21,0.0,475.06,2461.78,0.6,-0.8,2244.8
23.22,39.0,0.38,1.0,539.32,14.65,0.59,-0.81,1046.99
17.03,12.0,2.69,1.0,289.91,32.28,0.57,-0.82,689.33
16.63,436.0,11.33,0.0,276.71,4941.89,0.56,-0.83,3339.13
22.02,221.0,9.76,0.0,484.8,2157.35,0.55,-0.84,2330.47
21.2,384.0,9.21,0.0,449.37,3536.38,0.53,-0.85,2923.91
20.91,441.0,9.04,0.0,437.32,3985.47,0.52,-0.86,2984.71
21.05,482.0,8.78,0.0,443.18,4231.23,0.5,-0.87,3293.76
17.82,32.0,3.78,1.0,317.65,120.91,0.49,-0.87,1105.69
20.41,37.0,2.73,1.0,416.5,101.12,0.47,-0.88,971.32
20.44,359.0,9.08,0.0,417.72,3260.08,0.46,-0.89,2432.78
17.26,288.0,11.87,0.0,297.98,3417.31,0.44,-0.9,2854.19
24.85,211.0,10.23,0.0,617.39,2158.71,0.43,-0.91,2198.33
20.52,272.0,9.39,0.0,420.87,2553.84,0.41,-0.91,2325.2
15.36,275.0,10.32,0.0,235.99,2838.51,0.39,-0.92,2762.02
20.75,30.0,3.72,1.0,430.43,111.71,0.38,-0.93,1059.06
15.69,26.0,2.76,1.0,246.27,71.71,0.36,-0.93,912.63
20.82,425.0,10.5,0.0,433.36,4464.6,0.35,-0.94,2785.8
21.77,375.0,9.96,0.0,473.93,3733.35,0.33,-0.94,2859.25
15.67,475.0,9.61,0.0,245.52,4563.38,0.31,-0.95,3525.77
20.86,238.0,11.98,0.0,435.03,2850.14,0.3,-0.95,2825.82
19.04,259.0,11.52,0.0,362.55,2984.01,0.28,-0.96,2535.52
20.1,34.0,0.43,1.0,404.12,14.5,0.26,-0.96,1022.02
23.16,30.0,2.63,1.0,536.41,78.94,0.25,-0.97,717.99
16.57,363.0,10.48,0.0,274.46,3805.2,0.23,-0.97,2575.02
14.87,358.0,8.81,0.0,221.24,3152.28,0.21,-0.98,2799.73
14.3,256.0,9.58,0.0,204.44,2452.62,0.2,-0.98,2220.78
14.35,277.0,8.16,0.0,205.93,2259.72,0.18,-0.98,2475.35
16.4,393.0,9.9,0.0,268.85,3891.56,0.16,-0.99,2897.38
17.48,10.0,3.13,1.0,305.6,31.3,0.15,-0.99,1288.99
17.12,20.0,2.27,1.0,293.01,45.36,0.13,-0.99,640.79
18.6,211.0,11.86,0.0,345.89,2501.64,0.11,-0.99,2057.5
15.98,300.0,11.64,0.0,255.5,3491.35,0.09,-1.0,2837.82
20.13,355.0,10.89,0.0,405.4,3865.44,0.08,-1.0,3054.2
14.81,324.0,10.13,0.0,219.28,3283.27,0.06,-1.0,2727.11
23.59,479.0,11.48,0.0,556.52,5498.86,0.04,-1.0,3872.75
17.14,37.0,3.23,1.0,293.61,119.56,0.03,-1.0,1211.13
12.51,30.0,3.05,1.0,156.62,91.47,0.01,-1.0,1011.33
11.7,415.0,8.5,0.0,136.92,3527.2,-0.01,-1.0,2892.16
16.19,361.0,11.18,0.0,262.09,4034.84,-0.03,-1.0,3266.31
13.9,327.0,9.1,0.0,193.19,2976.7,-0.04,-1.0,2779.74
16.54,349.0,11.51,0.0,273.57,4016.42,-0.06,-1.0,2985.99
15.65,235.0,11.78,0.0,244.79,2767.4,-0.08,-1.0,2700.18
13.84,35.0,0.02,1.0,191.44,0.81,-0.09,-1.0,1181.15
11.34,31.0,1.3,1.0,128.66,40.25,-0.11,-0.99,680.49
9.17,405.0,11.92,0.0,84.05,4829.2,-0.13,-0.99,3636.48
12.2,326.0,9.93,0.0,148.9,3238.36,-0.15,-0.99,3044.76
15.94,416.0,11.45,0.0,254.12,4764.94,-0.16,-0.99,3748.01
13.84,295.0,10.35,0.0,191.67,3054.7,-0.18,-0.98,2724.89
9.3,363.0,9.5,0.0,86.42,3448.98,-0.2,-0.98,2709.63
13.38,4.0,0.95,1.0,179.14,3.8,-0.21,-0.98,1345.21
13.85,20.0,1.49,1.0,191.9,29.86,-0.23,-0.97,962.24
9.88,493.0,11.05,0.0,97.58,5446.27,-0.25,-0.97,3495.88
12.82,394.0,9.55,0.0,164.47,3761.19,-0.26,-0.96,3167.82
12.37,350.0,10.05,0.0,153.07,3515.79,-0.28,-0.96,3537.8
8.6,322.0,9.97,0.0,74.03,3210.12,-0.3,-0.95,3103.08
12.94,386.0,10.31,0.0,167.5,3979.32,-0.31,-0.95,3402.88
13.39,18.0,1.85,1.0,179.25,33.37,-0.33,-0.94,1230.2
14.79,42.0,1.52,1.0,218.83,63.8,-0.35,-0.94,579.21
14.54,442.0,9.63,0.0,211.54,4256.61,-0.36,-0.93,2884.11
7.09,430.0,11.31,0.0,50.27,4863.33,-0.38,-0.93,3991.76
8.25,405.0,11.06,0.0,68.07,4478.54,-0.39,-0.92,3918.86
12.45,397.0,10.29,0.0,155.04,4086.76,-0.41,-0.91,3508.95
12.29,286.0,11.82,0.0,151.08,3381.72,-0.43,-0.91,3128.87
12.14,47.0,1.52,1.0,147.38,71.48,-0.44,-0.9,1330.07
22.0,18.0,1.6,1.0,483.96,28.72,-0.46,-0.89,549.68
12.0,245.0,11.42,0.0,144.03,2796.88,-0.47,-0.88,2322.06
13.54,487.0,9.76,0.0,183.44,4751.46,-0.49,-0.87,3163.29
12.85,214.0,11.39,0.0,165.11,2437.01,-0.5,-0.87,2261.29
11.79,243.0,11.57,0.0,139.09,2812.08,-0.52,-0.86,2739.51
8.75,368.0,8.25,0.0,76.51,3035.94,-0.53,-0.85,3005.79
11.82,27.0,2.87,1.0,139.82,77.56,-0.55,-0.84,1320.44
7.09,4.0,3.82,1.0,50.21,15.29,-0.56,-0.83,1064.27
8.55,460.0,10.04,0.0,73.13,4619.2,-0.57,-0.82,3352.89
7.67,308.0,10.51,0.0,58.77,3235.96,-0.59,-0.81,3225.26
9.23,482.0,11.71,0.0,85.18,5642.07,-0.6,-0.8,4082.14
15.79,303.0,8.08,0.0,249.36,2447.17,-0.62,-0.79,2511.88
3.11,455.0,9.91,0.0,9.68,4507.86,-0.63,-0.78,4205.47
10.64,48.0,0.97,1.0,113.17,46.75,-0.64,-0.77,1817.51
3.61,41.0,3.71,1.0,13.03,152.03,-0.66,-0.76,1613.72
6.9,444.0,10.77,0.0,47.66,4781.94,-0.67,-0.74,3842.72
11.46,486.0,8.54,0.0,131.31,4149.34,-0.68,-0.73,3243.11
8.26,472.0,9.2,0.0,68.23,4341.26,-0.69,-0.72,3878.23
4.71,282.0,9.43,0.0,22.19,2660.63,-0.71,-0.71,3142.31
5.68,309.0,11.22,0.0,32.23,3466.28,-0.72,-0.7,3526.13
9.74,31.0,1.03,1.0,94.93,31.84,-0.73,-0.68,1477.38
5.4,10.0,1.14,1.0,29.12,11.39,-0.74,-0.67,1621.72
8.12,450.0,11.83,0.0,65.98,5323.41,-0.75,-0.66,3721.45
7.5,411.0,8.04,0.0,56.22,3302.57,-0.76,-0.65,3465.34
5.3,490.0,11.99,0.0,28.05,5875.73,-0.77,-0.63,4690.22
13.58,332.0,10.71,0.0,184.29,3554.82,-0.79,-0.62,3298.97
8.94,400.0,11.31,0.0,79.92,4525.55,-0.8,-0.61,3746.53
0.86,20.0,2.86,1.0,0.74,57.29,-0.81,-0.59,2193.24
7.39,43.0,1.09,1.0,54.67,46.89,-0.82,-0.58,1437.04
4.75,477.0,10.95,0.0,22.57,5223.86,-0.83,-0.56,4051.54
9.2,418.0,11.34,0.0,84.6,4738.69,-0.84,-0.55,4043.85
4.17,288.0,10.96,0.0,17.39,3157.03,-0.85,-0.53,3602.97
6.11,271.0,8.57,0.0,37.36,2322.85,-0.85,-0.52,3044.78
7.88,446.0,11.01,0.0,62.15,4912.12,-0.86,-0.5,4091.47
8.88,9.0,2.1,1.0,78.86,18.91,-0.87,-0.49,1485.6
2.6,21.0,2.84,1.0,6.75,59.56,-0.88,-0.47,1841.73
5.12,295.0,11.06,0.0,26.17,3264.02,-0.89,-0.46,2920.22
4.62,274.0,11.38,0.0,21.31,3119.13,-0.9,-0.44,3433.23
4.01,253.0,10.45,0.0,16.05,2644.97,-0.9,-0.43,3303.54
11.19,253.0,8.35,0.0,125.22,2113.67,-0.91,-0.41,2113.31
7.04,417.0,9.95,0.0,49.55,4149.36,-0.92,-0.4,3536.44
1.97,14.0,3.22,1.0,3.9,45.14,-0.92,-0.38,2066.92
8.45,39.0,2.2,1.0,71.34,85.84,-0.93,-0.37,1222.72
12.0,219.0,9.63,0.0,143.94,2108.63,-0.94,-0.35,2180.68
8.67,245.0,8.26,0.0,75.17,2024.69,-0.94,-0.33,2159.86
0.96,392.0,9.4,0.0,0.92,3682.95,-0.95,-0.32,3684.15
4.01,257.0,8.44,0.0,16.08,2170.11,-0.95,-0.3,3071.12
9.21,310.0,11.23,0.0,84.89,3482.21,-0.96,-0.28,3268.76
3.24,16.0,3.54,1.0,10.51,56.59,-0.96,-0.27,1923.51
6.65,28.0,0.91,1.0,44.25,25.54,-0.97,-0.25,1568.78
7.6,207.0,11.82,0.0,57.8,2446.84,-0.97,-0.23,2502.82
2.46,228.0,10.09,0.0,6.05,2300.59,-0.98,-0.22,2665.21
5.03,311.0,9.2,0.0,25.25,2860.66,-0.98,-0.2,3071.69
-4.55,360.0,8.31,0.0,20.73,2990.68,-0.98,-0.18,4205.66
2.07,330.0,10.0,0.0,4.27,3300.82,-0.99,-0.17,3974.98
4.36,47.0,1.41,1.0,18.97,66.44,-0.99,-0.15,1599.57
1.35,32.0,0.95,1.0,1.81,30.32,-0.99,-0.13,2263.58
9.96,396.0,8.2,0.0,99.29,3247.56,-0.99,-0.12,2842.48
0.76,403.0,8.29,0.0,0.58,3341.52,-1.0,-0.1,3774.15
3.71,411.0,9.61,0.0,13.79,3950.32,-1.0,-0.08,4139.1
5.41,308.0,9.18,0.0,29.3,2827.8,-1.0,-0.06,3645.85
9.34,475.0,8.93,0.0,87.14,4241.53,-1.0,-0.05,3711.35
0.7,29.0,0.38,1.0,0.49,11.08,-1.0,-0.03,2398.61
8.49,37.0,2.5,1.0,72.09,92.33,-1.0,-0.01,1373.31
5.03,459.0,11.72,0.0,25.31,5378.06,-1.0,0.0,4058.43
2.06,442.0,9.62,0.0,4.23,4252.22,-1.0,0.02,4264.93
6.39,474.0,11.62,0.0,40.88,5509.99,-1.0,0.04,4507.29
5.61,301.0,9.29,0.0,31.5,2795.08,-1.0,0.06,3292.24
3.23,372.0,9.91,0.0,10.41,3684.94,-1.0,0.07,3600.36
5.25,12.0,0.87,1.0,27.56,10.4,-1.0,0.09,1856.21
3.9,1.0,0.38,1.0,15.22,0.38,-0.99,0.11,1340.44
5.42,387.0,11.92,0.0,29.36,4611.46,-0.99,0.12,3741.15
7.09,285.0,10.41,0.0,50.23,2967.98,-0.99,0.14,3178.04
9.88,251.0,9.43,0.0,97.7,2367.25,-0.99,0.16,2610.59
1.44,310.0,10.59,0.0,2.08,3283.29,-0.98,0.18,3539.19
11.59,242.0,8.49,0.0,134.24,2054.99,-0.98,0.19,2885.52
-0.63,25.0,1.56,1.0,0.4,39.09,-0.98,0.21,2391.41
4.8,10.0,2.38,1.0,23.07,23.78,-0.97,0.23,1404.56
7.06,497.0,9.8,0.0,49.9,4869.31,-0.97,0.24,3748.51
6.19,439.0,10.34,0.0,38.26,4540.78,-0.97,0.26,3950.57
3.52,314.0,10.5,0.0,12.39,3296.73,-0.96,0.28,3562.15
4.81,225.0,8.29,0.0,23.17,1864.6,-0.96,0.29,2616.99
4.01,498.0,10.73,0.0,16.08,5343.77,-0.95,0.31,4514.27
3.78,19.0,1.71,1.0,14.26,32.54,-0.95,0.33,2039.68
8.15,7.0,2.87,1.0,66.43,20.09,-0.94,0.34,1469.15
6.73,219.0,11.29,0.0,45.33,2472.54,-0.93,0.36,2639.48
3.65,410.0,11.22,0.0,13.29,4598.49,-0.93,0.37,4252.85
8.49,439.0,10.21,0.0,72.06,4482.19,-0.92,0.39,3786.85
6.78,238.0,10.08,0.0,45.98,2399.2,-0.91,0.41,3041.51
8.37,467.0,8.57,0.0,70.03,4002.89,-0.91,0.42,3564.2
7.89,19.0,2.31,1.0,62.29,43.96,-0.9,0.44,1552.3
3.59,15.0,1.1,1.0,12.91,16.45,-0.89,0.45,1474.97
4.48,353.0,9.99,0.0,20.06,3525.33,-0.88,0.47,3501.32
8.48,241.0,9.14,0.0,71.96,2202.04,-0.88,0.48,2656.31
8.16,210.0,8.54,0.0,66.53,1792.42,-0.87,0.5,2408.4
6.35,493.0,10.52,0.0,40.32,5185.49,-0.86,0.51,3958.49
6.85,297.0,8.22,0.0,46.97,2440.55,-0.85,0.53,2842.28
10.43,46.0,0.91,1.0,108.72,41.7,-0.84,0.54,1291.25
4.91,47.0,1.42,1.0,24.14,66.74,-0.83,0.56,1436.85
8.43,419.0,8.0,0.0,71.01,3352.23,-0.82,0.57,2686.02
6.28,264.0,10.04,0.0,39.41,2651.75,-0.81,0.58,2930.33
6.33,431.0,8.19,0.0,40.11,3528.77,-0.8,0.6,3130.95
10.39,251.0,9.1,0.0,107.89,2285.27,-0.79,0.61,2409.54
9.67,462.0,10.83,0.0,93.57,5002.49,-0.78,0.63,3919.23
9.75,19.0,2.16,1.0,94.99,41.04,-0.77,0.64,1673.24
11.33,36.0,3.52,1.0,128.45,126.73,-0.76,0.65,1029.73
7.59,339.0,8.02,0.0,57.66,2717.18,-0.75,0.66,2367.81
9.69,250.0,8.99,0.0,93.93,2246.82,-0.74,0.68,2278.59
6.83,316.0,10.96,0.0,46.69,3464.5,-0.72,0.69,3165.55
8.86,245.0,9.27,0.0,78.43,2269.94,-0.71,0.7,2736.71
7.61,287.0,8.41,0.0,57.99,2412.97,-0.7,0.71,2821.1
8.42,14.0,3.98,1.0,70.9,55.67,-0.69,0.73,1382.03
10.04,30.0,2.65,1.0,100.82,79.42,-0.67,0.74,948.09
5.93,288.0,11.37,0.0,35.15,3274.8,-0.66,0.75,2981.33
14.79,317.0,9.25,0.0,218.77,2933.33,-0.65,0.76,2496.43
5.63,253.0,11.16,0.0,31.67,2822.4,-0.64,0.77,2964.05
5.14,315.0,11.57,0.0,26.39,3643.76,-0.62,0.78,3777.73
12.39,317.0,9.74,0.0,153.5,3086.08,-0.61,0.79,3052.95
11.43,48.0,3.83,1.0,130.59,183.86,-0.59,0.8,1421.36
11.06,16.0,0.7,1.0,122.42,11.22,-0.58,0.81,835.25
11.22,206.0,11.86,0.0,125.84,2442.4,-0.57,0.82,2192.07
9.44,321.0,8.36,0.0,89.09,2682.65,-0.55,0.83,2772.0
6.93,210.0,10.75,0.0,48.0,2257.1,-0.54,0.84,2608.82
9.99,414.0,9.98,0.0,99.87,4129.76,-0.52,0.85,3608.64
7.88,478.0,9.55,0.0,62.12,4565.18,-0.51,0.86,4105.14
12.99,10.0,3.02,1.0,168.68,30.25,-0.49,0.87,1700.61
9.77,33.0,1.39,1.0,95.48,45.88,-0.48,0.88,1184.9
7.89,225.0,8.02,0.0,62.22,1803.93,-0.46,0.89,2169.41
9.55,253.0,8.67,0.0,91.27,2192.96,-0.45,0.89,2567.33
11.91,228.0,10.85,0.0,141.87,2474.3,-0.43,0.9,2486.49
9.14,363.0,10.67,0.0,83.48,3871.59,-0.42,0.91,3216.42
8.52,469.0,11.86,0.0,72.56,5564.31,-0.4,0.92,4287.42
11.87,49.0,0.61,1.0,141.0,29.87,-0.39,0.92,1639.41
12.04,37.0,3.97,1.0,144.91,146.89,-0.37,0.93,911.73
9.94,472.0,10.81,0.0,98.85,5102.4,-0.35,0.94,3578.87
10.21,407.0,9.19,0.0,104.28,3741.23,-0.34,0.94,3568.83
12.48,437.0,8.42,0.0,155.84,3680.18,-0.32,0.95,2886.55
7.61,292.0,11.13,0.0,57.86,3249.17,-0.3,0.95,3485.24
7.89,372.0,10.58,0.0,62.3,3934.49,-0.29,0.96,3755.3
10.13,19.0,0.36,1.0,102.52,6.77,-0.27,0.96,1477.15
11.81,2.0,3.02,1.0,139.38,6.04,-0.26,0.97,1128.0
13.55,416.0,11.83,0.0,183.49,4920.11,-0.24,0.97,3324.64
17.21,305.0,10.0,0.0,296.08,3050.49,-0.22,0.98,2909.82
15.52,246.0,9.73,0.0,240.93,2393.81,-0.21,0.98,2473.77
12.64,380.0,9.83,0.0,159.72,3735.7,-0.19,0.98,2823.41
13.23,263.0,8.84,0.0,175.03,2323.74,-0.17,0.99,2531.8
10.45,22.0,1.21,1.0,109.19,26.68,-0.15,0.99,1289.35
13.57,39.0,1.05,1.0,184.19,41.05,-0.14,0.99,960.85
12.93,286.0,8.21,0.0,167.24,2347.89,-0.12,0.99,1947.96
14.94,416.0,11.07,0.0,223.12,4605.23,-0.1,0.99,3590.67
11.66,206.0,9.67,0.0,135.92,1991.2,-0.09,1.0,2576.06
15.87,477.0,11.29,0.0,251.86,5384.72,-0.07,1.0,3652.47
19.08,409.0,11.4,0.0,364.12,4663.17,-0.05,1.0,3400.2
14.33,9.0,1.59,1.0,205.33,14.29,-0.03,1.0,1313.02
16.03,38.0,1.79,1.0,257.06,67.97,-0.02,1.0,960.63
17.07,429.0,9.89,0.0,291.4,4242.44,0.0,1.0,2897.09
13.97,360.0,11.52,0.0,195.12,4147.43,0.02,1.0,3496.88
16.02,200.0,8.86,0.0,256.53,1772.59,0.03,1.0,2259.51
15.55,435.0,10.71,0.0,241.93,4659.39,0.05,1.0,3512.38
15.98,387.0,10.43,0.0,255.39,4036.8,0.07,1.0,3338.27
13.54,35.0,3.41,1.0,183.35,119.2,0.09,1.0,1196.55
16.1,36.0,0.83,1.0,259.36,30.03,0.1,0.99,863.85
17.7,417.0,10.61,0.0,313.15,4422.94,0.12,0.99,3107.45
20.73,459.0,10.95,0.0,429.58,5028.06,0.14,0.99,3613.78
19.42,200.0,9.26,0.0,377.17,1852.5,0.15,0.99,2258.08
23.17,270.0,10.58,0.0,536.96,2856.42,0.17,0.99,2337.49
14.58,377.0,9.58,0.0,212.58,3611.86,0.19,0.98,2784.97
19.67,37.0,3.47,1.0,386.83,128.47,0.21,0.98,1167.73
17.77,23.0,3.22,1.0,315.75,74.15,0.22,0.98,887.62
23.96,207.0,11.56,0.0,573.9,2393.1,0.24,0.97,1799.88
15.13,452.0,9.15,0.0,228.88,4135.64,0.26,0.97,3055.68
15.2,491.0,9.47,0.0,231.05,4650.33,0.27,0.96,3445.24
16.09,443.0,8.23,0.0,258.78,3646.94,0.29,0.96,3324.85
11.68,322.0,8.45,0.0,136.36,2719.63,0.3,0.95,2743.91
16.64,27.0,2.78,1.0,276.74,75.05,0.32,0.95,1417.13
16.1,45.0,1.38,1.0,259.14,62.3,0.34,0.94,1121.15
18.99,231.0,11.34,0.0,360.54,2619.98,0.35,0.94,2034.25
19.72,345.0,8.06,0.0,388.98,2780.28,0.37,0.93,2198.09
24.49,355.0,9.52,0.0,599.52,3378.31,0.39,0.92,2400.15
21.87,215.0,9.35,0.0,478.13,2010.12,0.4,0.92,1867.05
17.44,246.0,8.08,0.0,304.2,1987.02,0.42,0.91,1798.68
16.63,45.0,3.69,1.0,276.64,166.1,0.43,0.9,1306.07
20.96,23.0,1.95,1.0,439.24,44.81,0.45,0.89,807.18
15.67,230.0,9.97,0.0,245.7,2293.44,0.46,0.89,2009.49
25.28,459.0,9.62,0.0,639.17,4414.28,0.48,0.88,2839.08
23.48,216.0,10.12,0.0,551.13,2186.73,0.49,0.87,2102.92
18.68,238.0,10.38,0.0,348.91,2470.57,0.51,0.86,2403.31
15.09,238.0,8.04,0.0,227.85,1913.45,0.52,0.85,2125.34
24.44,0.0,0.59,1.0,597.4,0.0,0.54,0.84,963.09
20.18,30.0,1.47,1.0,407.26,44.1,0.55,0.83,867.33
24.38,357.0,10.08,0.0,594.41,3597.18,0.57,0.82,2771.32
16.02,477.0,10.71,0.0,256.79,5108.75,0.58,0.81,3673.75
19.15,402.0,9.25,0.0,366.69,3717.48,0.59,0.8,3190.32
21.1,265.0,11.1,0.0,445.23,2940.43,0.61,0.79,2697.96
21.36,307.0,11.09,0.0,456.31,3405.15,0.62,0.78,3158.43
20.0,21.0,3.86,1.0,400.17,81.13,0.64,0.77,859.09
23.35,12.0,1.73,1.0,545.45,20.76,0.65,0.76,917.11
18.41,491.0,8.5,0.0,339.06,4174.58,0.66,0.75,2831.32
21.32,217.0,8.07,0.0,454.43,1750.71,0.67,0.74,2098.69
22.23,289.0,11.08,0.0,494.24,3202.3,0.69,0.73,2474.12
23.54,380.0,11.23,0.0,554.03,4266.88,0.7,0.71,3216.5
24.25,454.0,8.48,0.0,588.13,3850.3,0.71,0.7,3260.47
18.86,16.0,0.86,1.0,355.79,13.83,0.72,0.69,1701.57
17.75,14.0,2.48,1.0,315.13,34.7,0.74,0.68,1004.14
26.3,286.0,9.17,0.0,691.83,2623.55,0.75,0.66,1982.13
23.58,289.0,11.09,0.0,556.02,3205.75,0.76,0.65,2543.25
20.45,436.0,10.07,0.0,418.15,4391.32,0.77,0.64,3231.97
27.46,269.0,9.39,0.0,753.85,2526.55,0.78,0.63,2306.39
23.26,243.0,9.49,0.0,540.86,2305.33,0.79,0.61,2201.34
26.55,16.0,0.23,1.0,704.98,3.72,0.8,0.6,1193.88
23.32,31.0,3.98,1.0,543.73,123.36,0.81,0.58,672.83
29.4,285.0,10.59,0.0,864.18,3016.96,0.82,0.57,2557.48
28.58,218.0,11.9,0.0,816.69,2593.5,0.83,0.56,2541.24
22.66,300.0,11.39,0.0,513.44,3416.47,0.84,0.54,2676.86
26.41,294.0,8.09,0.0,697.64,2379.75,0.85,0.53,2359.71
25.52,453.0,11.59,0.0,651.46,5252.19,0.86,0.51,3958.95
27.78,20.0,0.49,1.0,771.75,9.71,0.87,0.5,1529.01
20.86,17.0,1.21,1.0,435.31,20.62,0.88,0.48,886.24
25.9,232.0,9.83,0.0,670.75,2281.02,0.88,0.47,1908.25
27.1,428.0,9.59,0.0,734.14,4105.39,0.89,0.45,3107.06
18.72,211.0,9.21,0.0,350.44,1943.66,0.9,0.44,2131.04
20.52,317.0,8.26,0.0,421.09,2619.3,0.91,0.42,2031.67
18.02,354.0,8.91,0.0,324.85,3155.18,0.91,0.41,2984.34
23.4,37.0,3.26,1.0,547.63,120.47,0.92,0.39,1216.14
26.43,18.0,2.46,1.0,698.44,44.3,0.93,0.37,962.21
28.85,228.0,10.99,0.0,832.06,2505.67,0.93,0.36,2135.18
24.62,360.0,9.9,0.0,606.19,3562.29,0.94,0.34,2710.81
29.34,434.0,8.23,0.0,860.94,3572.42,0.95,0.33,3051.85
20.37,389.0,11.83,0.0,414.95,4602.32,0.95,0.31,3278.94
19.45,316.0,11.77,0.0,378.39,3719.6,0.96,0.29,3516.99
24.44,38.0,3.55,1.0,597.54,134.76,0.96,0.28,1128.34
25.81,3.0,1.8,1.0,666.14,5.4,0.97,0.26,743.46
24.6,379.0,10.18,0.0,605.29,3857.44,0.97,0.24,2656.27
18.54,371.0,11.85,0.0,343.68,4396.75,0.97,0.23,3563.41
24.51,473.0,8.3,0.0,600.8,3927.04,0.98,0.21,3253.29
20.9,458.0,9.46,0.0,436.8,4333.93,0.98,0.19,3232.92
26.85,334.0,8.9,0.0,721.12,2973.11,0.98,0.18,3015.72
25.97,16.0,3.08,1.0,674.61,49.24,0.99,0.16,1337.98
22.08,48.0,0.04,1.0,487.51,2.12,0.99,0.14,926.5
23.38,435.0,10.49,0.0,546.65,4563.0,0.99,0.12,3161.99
21.76,385.0,11.13,0.0,473.7,4283.24,0.99,0.11,3711.26
24.77,294.0,10.31,0.0,613.61,3032.08,1.0,0.09,3133.01
27.84,210.0,8.59,0.0,774.99,1803.45,1.0,0.07,2044.73
22.03,267.0,11.24,0.0,485.2,3002.28,1.0,0.06,2774.11
26.5,13.0,0.55,1.0,702.5,7.13,1.0,0.04,1217.8
23.41,30.0,2.14,1.0,547.88,64.24,1.0,0.02,943.97
22.62,297.0,10.7,0.0,511.72,3176.87,1.0,0.0,2109.38
24.68,292.0,9.04,0.0,609.01,2639.57,1.0,-0.01,2384.79
21.89,221.0,9.38,0.0,479.16,2073.15,1.0,-0.03,1996.71
23.33,371.0,11.67,0.0,544.19,4329.55,1.0,-0.05,3317.01
21.39,333.0,9.16,0.0,457.34,3050.95,1.0,-0.06,2925.43
30.86,31.0,3.84,1.0,952.39,118.99,1.0,-0.08,1097.22
25.06,37.0,1.95,1.0,627.85,72.2,1.0,-0.1,937.35
22.83,284.0,10.83,0.0,521.36,3075.97,0.99,-0.12,2495.46
25.55,254.0,8.25,0.0,652.96,2095.2,0.99,-0.13,2115.71
24.55,450.0,8.59,0.0,602.69,3865.15,0.99,-0.15,3085.8
24.2,343.0,8.03,0.0,585.47,2754.76,0.99,-0.17,2636.0
26.67,366.0,10.52,0.0,711.38,3851.67,0.98,-0.18,3146.6
27.07,2.0,1.95,1.0,732.71,3.91,0.98,-0.2,1242.52
23.17,44.0,0.6,1.0,536.78,26.41,0.98,-0.22,688.38
22.99,378.0,11.83,0.0,528.71,4472.4,0.97,-0.23,2841.82
23.85,318.0,10.12,0.0,569.02,3217.73,0.97,-0.25,2922.67
17.73,464.0,8.97,0.0,314.32,4160.95,0.96,-0.27,3288.6
20.04,349.0,10.0,0.0,401.67,3490.84,0.96,-0.28,2987.24
28.64,414.0,10.72,0.0,820.1,4437.45,0.95,-0.3,3462.25
29.42,7.0,1.84,1.0,865.45,12.86,0.95,-0.32,1398.24
23.68,7.0,3.14,1.0,560.77,21.98,0.94,-0.33,1058.17
26.1,252.0,11.23,0.0,681.13,2829.42,0.94,-0.35,2180.33
25.24,450.0,9.84,0.0,637.11,4427.4,0.93,-0.37,3077.99
33.48,494.0,10.19,0.0,1120.88,5032.04,0.92,-0.38,4205.28
27.53,470.0,9.73,0.0,758.15,4573.69,0.92,-0.4,3743.2
23.72,322.0,8.18,0.0,562.75,2632.54,0.91,-0.41,2674.24
21.17,2.0,1.75,1.0,448.04,3.5,0.9,-0.43,1368.86
19.14,11.0,1.02,1.0,366.3,11.21,0.9,-0.44,838.11
24.49,234.0,8.84,0.0,599.81,2067.8,0.89,-0.46,1849.83
21.53,205.0,8.2,0.0,463.59,1680.98,0.88,-0.47,1613.49
19.45,310.0,11.37,0.0,378.31,3526.13,0.87,-0.49,2691.6
21.69,493.0,11.92,0.0,470.53,5878.91,0.86,-0.5,4162.35
20.3,276.0,11.17,0.0,412.03,3083.63,0.85,-0.52,2715.36
28.51,40.0,2.64,1.0,813.04,105.5,0.85,-0.53,1363.21
26.0,30.0,3.58,1.0,676.22,107.41,0.84,-0.55,959.12
23.24,207.0,11.84,0.0,540.08,2451.4,0.83,-0.56,2007.17
27.61,321.0,8.79,0.0,762.05,2820.85,0.82,-0.58,2626.4
23.3,374.0,11.81,0.0,542.75,4415.34,0.81,-0.59,3336.85
20.38,378.0,11.98,0.0,415.26,4528.17,0.8,-0.61,3729.33
27.43,284.0,10.85,0.0,752.18,3080.52,0.79,-0.62,2744.91
24.37,12.0,2.95,1.0,593.68,35.4,0.77,-0.63,1208.35
19.53,44.0,2.05,1.0,381.31,90.15,0.76,-0.65,887.02
21.96,215.0,9.04,0.0,482.05,1943.21,0.75,-0.66,1561.36
19.79,394.0,9.75,0.0,391.46,3840.71,0.74,-0.67,2994.53
18.15,208.0,10.37,0.0,329.32,2157.84,0.73,-0.68,2607.91
24.96,214.0,8.29,0.0,622.77,1774.56,0.72,-0.7,1930.17
27.78,301.0,10.49,0.0,771.96,3157.3,0.71,-0.71,2695.15
17.74,16.0,0.29,1.0,314.61,4.56,0.69,-0.72,1153.6
23.5,35.0,0.05,1.0,552.09,1.7,0.68,-0.73,695.67
19.73,312.0,11.17,0.0,389.22,3485.16,0.67,-0.74,2209.71
20.09,200.0,11.63,0.0,403.62,2326.32,0.66,-0.76,2128.49
19.64,465.0,11.77,0.0,385.86,5475.28,0.64,-0.77,3553.81
18.7,407.0,11.84,0.0,349.53,4819.1,0.63,-0.78,4007.86
21.3,309.0,10.09,0.0,453.62,3116.52,0.62,-0.79,2854.2
18.52,23.0,3.1,1.0,343.12,71.27,0.6,-0.8,1148.42
21.69,7.0,2.65,1.0,470.42,18.52,0.59,-0.81,941.71
20.59,387.0,8.65,0.0,423.82,3346.27,0.57,-0.82,2228.91
19.88,353.0,9.91,0.0,395.18,3497.38,0.56,-0.83,2680.3
17.73,478.0,10.87,0.0,314.34,5197.45,0.55,-0.84,3768.11
18.58,370.0,8.99,0.0,345.1,3326.06,0.53,-0.85,3151.29
22.43,333.0,10.56,0.0,502.96,3517.3,0.52,-0.86,2985.36
21.52,7.0,1.06,1.0,462.9,7.42,0.5,-0.87,1173.69
16.93,7.0,0.08,1.0,286.63,0.59,0.49,-0.87,852.19
20.01,389.0,10.26,0.0,400.38,3991.27,0.47,-0.88,2780.79
21.81,340.0,11.09,0.0,475.82,3769.41,0.46,-0.89,3004.78
14.4,242.0,10.0,0.0,207.27,2418.93,0.44,-0.9,2338.44
20.88,483.0,8.05,0.0,435.98,3887.38,0.43,-0.91,2994.83
17.11,345.0,8.04,0.0,292.6,2772.47,0.41,-0.91,2423.59
20.65,48.0,1.53,1.0,426.33,73.33,0.39,-0.92,1109.69
16.49,27.0,0.82,1.0,271.83,22.21,0.38,-0.93,772.26
13.2,255.0,8.91,0.0,174.31,2273.25,0.36,-0.93,2416.07
13.57,354.0,10.54,0.0,184.24,3730.26,0.35,-0.94,2978.25
18.44,359.0,8.89,0.0,339.97,3190.9,0.33,-0.94,2546.32
18.91,310.0,9.29,0.0,357.6,2878.87,0.31,-0.95,2525.88
15.25,336.0,11.39,0.0,232.69,3827.77,0.3,-0.95,3144.43
19.72,29.0,0.17,1.0,388.8,4.87,0.28,-0.96,1407.78
12.65,38.0,3.87,1.0,160.08,147.21,0.26,-0.96,961.37
17.27,267.0,9.71,0.0,298.32,2593.85,0.25,-0.97,1850.11
13.67,448.0,8.12,0.0,186.87,3636.27,0.23,-0.97,3054.66
15.18,205.0,9.92,0.0,230.42,2034.33,0.21,-0.98,2034.15
17.11,479.0,10.65,0.0,292.72,5101.22,0.2,-0.98,3512.91
14.22,293.0,8.47,0.0,202.11,2482.89,0.18,-0.98,2587.9
15.47,29.0,2.99,1.0,239.46,86.78,0.16,-0.99,1180.99
19.48,17.0,3.25,1.0,379.35,55.2,0.15,-0.99,899.76
14.56,224.0,11.68,0.0,211.9,2615.9,0.13,-0.99,2016.06
18.62,347.0,11.97,0.0,346.84,4154.64,0.11,-0.99,2999.65
12.56,317.0,8.18,0.0,157.66,2592.95,0.09,-1.0,2634.89
17.36,265.0,11.04,0.0,301.48,2926.67,0.08,-1.0,2574.67
19.93,374.0,9.49,0.0,397.08,3548.1,0.06,-1.0,2815.94
8.02,47.0,1.49,1.0,64.24,69.97,0.04,-1.0,1653.87
12.87,16.0,1.73,1.0,165.57,27.65,0.03,-1.0,1169.18
16.82,310.0,11.67,0.0,282.82,3618.85,0.01,-1.0,2644.85
14.3,448.0,11.8,0.0,204.63,5288.06,-0.01,-1.0,3876.44
15.86,402.0,10.31,0.0,251.39,4144.01,-0.03,-1.0,3188.17
12.76,346.0,9.43,0.0,162.76,3262.26,-0.04,-1.0,3033.0
14.66,234.0,11.15,0.0,214.85,2609.15,-0.06,-1.0,2610.35
13.76,43.0,0.79,1.0,189.31,33.96,-0.08,-1.0,1296.05
17.56,30.0,3.55,1.0,308.28,106.43,-0.09,-1.0,726.58
14.65,213.0,9.43,0.0,214.53,2009.51,-0.11,-0.99,1696.0
14.73,244.0,10.63,0.0,216.84,2592.87,-0.13,-0.99,2188.72
12.31,415.0,8.96,0.0,151.45,3719.06,-0.15,-0.99,3115.3
11.91,432.0,8.77,0.0,141.83,3787.07,-0.16,-0.99,3393.87
11.9,392.0,11.67,0.0,141.72,4575.8,-0.18,-0.98,3611.35
14.22,0.0,3.68,1.0,202.11,0.0,-0.2,-0.98,1502.47
11.6,43.0,1.01,1.0,134.6,43.39,-0.21,-0.98,1062.42
13.57,350.0,8.88,0.0,184.04,3109.19,-0.23,-0.97,2399.52
18.76,474.0,8.16,0.0,351.79,3865.81,-0.25,-0.97,2886.44
14.98,275.0,8.14,0.0,224.3,2239.62,-0.26,-0.96,2412.38
11.22,419.0,8.7,0.0,125.88,3645.67,-0.28,-0.96,3094.27
15.64,386.0,11.47,0.0,244.5,4426.29,-0.3,-0.95,3735.17
10.64,31.0,2.62,1.0,113.31,81.36,-0.31,-0.95,1382.65
5.59,14.0,0.71,1.0,31.27,9.94,-0.33,-0.94,1524.93
8.52,379.0,10.33,0.0,72.58,3913.74,-0.35,-0.94,3086.67
5.77,452.0,9.75,0.0,33.3,4405.4,-0.36,-0.93,3827.84
10.17,325.0,10.32,0.0,103.4,3354.12,-0.38,-0.93,3279.27
11.12,376.0,10.07,0.0,123.64,3785.11,-0.39,-0.92,3325.95
15.94,236.0,11.04,0.0,253.95,2604.28,-0.41,-0.91,2951.94
11.73,7.0,0.53,1.0,137.61,3.69,-0.43,-0.91,1198.21
9.94,26.0,2.9,1.0,98.75,75.5,-0.44,-0.9,933.1
12.93,326.0,11.58,0.0,167.16,3773.9,-0.46,-0.89,2808.54
3.65,367.0,11.79,0.0,13.36,4325.4,-0.47,-0.88,3699.25
10.84,279.0,11.57,0.0,117.59,3228.09,-0.49,-0.87,3164.85
12.3,493.0,9.68,0.0,151.29,4771.15,-0.5,-0.87,3708.8
5.4,325.0,11.12,0.0,29.2,3614.48,-0.52,-0.86,3804.7
13.12,10.0,2.17,1.0,172.24,21.69,-0.53,-0.85,1537.88
10.56,38.0,2.36,1.0,111.58,89.73,-0.55,-0.84,1020.18
8.16,227.0,8.82,0.0,66.56,2001.85,-0.56,-0.83,2120.5
11.16,372.0,10.36,0.0,124.56,3855.6,-0.57,-0.82,2977.85
15.93,245.0,8.74,0.0,253.9,2142.41,-0.59,-0.81,2053.76
9.53,435.0,9.33,0.0,90.81,4056.92,-0.6,-0.8,3348.17
9.59,413.0,11.42,0.0,92.0,4716.51,-0.62,-0.79,3650.93
7.33,28.0,2.55,1.0,53.79,71.26,-0.63,-0.78,1716.66
6.03,20.0,3.04,1.0,36.36,60.89,-0.64,-0.77,1310.34
10.94,431.0,8.28,0.0,119.67,3566.97,-0.66,-0.76,2898.19
5.75,284.0,11.76,0.0,33.08,3340.73,-0.67,-0.74,3596.99
8.41,264.0,10.03,0.0,70.68,2647.31,-0.68,-0.73,2687.62
6.63,333.0,9.64,0.0,44.01,3209.34,-0.69,-0.72,2924.23
9.38,350.0,11.24,0.0,88.01,3935.23,-0.71,-0.71,3416.85
8.82,49.0,3.97,1.0,77.87,194.39,-0.72,-0.7,1648.9
10.82,37.0,0.4,1.0,117.01,14.68,-0.73,-0.68,1109.14
6.06,357.0,10.77,0.0,36.7,3846.49,-0.74,-0.67,3132.83
6.66,276.0,11.08,0.0,44.4,3059.32,-0.75,-0.66,3152.26
4.42,345.0,10.62,0.0,19.58,3663.42,-0.76,-0.65,3719.13
5.92,424.0,8.61,0.0,35.03,3649.11,-0.77,-0.63,3782.48
8.28,302.0,11.5,0.0,68.48,3474.07,-0.79,-0.62,3061.41
9.31,34.0,2.46,1.0,86.66,83.77,-0.8,-0.61,1480.51
4.17,10.0,0.75,1.0,17.38,7.52,-0.81,-0.59,1557.24
9.44,369.0,9.7,0.0,89.18,3579.64,-0.82,-0.58,2769.67
10.8,334.0,8.15,0.0,116.71,2722.19,-0.83,-0.56,2933.02
7.88,249.0,8.51,0.0,62.11,2119.36,-0.84,-0.55,2413.8
12.18,333.0,11.06,0.0,148.3,3683.71,-0.85,-0.53,2994.14
4.14,336.0,8.0,0.0,17.1,2688.02,-0.85,-0.52,3239.91
2.63,18.0,0.14,1.0,6.94,2.54,-0.86,-0.5,1895.11
0.95,38.0,2.98,1.0,0.9,113.35,-0.87,-0.49,1697.38
10.69,486.0,8.22,0.0,114.23,3994.21,-0.88,-0.47,3059.58
8.08,220.0,11.89,0.0,65.33,2616.31,-0.89,-0.46,2982.78
5.87,289.0,8.9,0.0,34.51,2573.4,-0.9,-0.44,2862.31
6.81,495.0,9.22,0.0,46.33,4562.31,-0.9,-0.43,3723.54
2.52,311.0,9.22,0.0,6.34,2866.1,-0.91,-0.41,3699.86
13.16,27.0,1.22,1.0,173.22,33.01,-0.92,-0.4,1282.63
6.14,1.0,3.51,1.0,37.76,3.51,-0.92,-0.38,1227.72
6.02,347.0,10.92,0.0,36.25,3788.33,-0.93,-0.37,3222.69
7.81,300.0,11.87,0.0,60.97,3560.21,-0.94,-0.35,3445.58
7.02,445.0,8.9,0.0,49.22,3959.24,-0.94,-0.33,3969.94
6.19,316.0,10.65,0.0,38.29,3366.09,-0.95,-0.32,3559.88
3.09,291.0,10.97,0.0,9.56,3191.57,-0.95,-0.3,3755.35
6.83,48.0,2.37,1.0,46.61,113.86,-0.96,-0.28,1676.97
11.01,42.0,1.57,1.0,121.25,65.78,-0.96,-0.27,935.11
9.36,257.0,9.21,0.0,87.55,2367.41,-0.97,-0.25,2213.68
10.06,496.0,9.3,0.0,101.17,4613.39,-0.97,-0.23,3522.93
3.71,333.0,10.85,0.0,13.74,3613.21,-0.98,-0.22,3585.25
2.24,448.0,11.27,0.0,5.0,5047.67,-0.98,-0.2,4625.62
4.79,237.0,8.73,0.0,22.98,2068.17,-0.98,-0.18,3166.24
5.31,35.0,3.18,1.0,28.17,111.19,-0.99,-0.17,1828.91
8.4,45.0,0.37,1.0,70.49,16.74,-0.99,-0.15,1302.8
0.01,367.0,11.23,0.0,0.0,4120.23,-0.99,-0.13,3958.82
9.66,458.0,11.94,0.0,93.24,5468.26,-0.99,-0.12,4222.72
4.57,424.0,11.02,0.0,20.93,4671.21,-1.0,-0.1,4277.84
3.75,351.0,9.57,0.0,14.08,3360.05,-1.0,-0.08,3603.9
1.98,218.0,10.36,0.0,3.94,2259.04,-1.0,-0.06,3555.74
0.05,0.0,2.25,1.0,0.0,0.0,-1.0,-0.05,2264.61
7.47,41.0,2.24,1.0,55.86,91.95,-1.0,-0.03,1392.32
5.22,436.0,10.18,0.0,27.26,4437.6,-1.0,-0.01,3468.56
1.13,234.0,10.84,0.0,1.28,2535.92,-1.0,0.0,3918.76
1.12,389.0,8.67,0.0,1.25,3372.35,-1.0,0.02,3711.12
4.0,200.0,11.12,0.0,16.0,2224.51,-1.0,0.04,3032.41
10.02,352.0,10.34,0.0,100.45,3637.95,-1.0,0.06,3259.49
4.25,7.0,1.99,1.0,18.05,13.95,-1.0,0.07,1924.53
0.53,23.0,0.31,1.0,0.28,7.09,-1.0,0.09,2066.8
4.32,420.0,9.06,0.0,18.67,3805.75,-0.99,0.11,3740.62
4.26,410.0,10.41,0.0,18.14,4266.55,-0.99,0.12,4090.67
-2.99,224.0,9.19,0.0,8.94,2057.72,-0.99,0.14,3635.66
4.96,215.0,10.86,0.0,24.64,2334.4,-0.99,0.16,3014.33
4.46,381.0,11.04,0.0,19.91,4204.72,-0.98,0.18,3929.58
7.28,26.0,2.07,1.0,52.93,53.8,-0.98,0.19,2057.71
10.77,8.0,1.76,1.0,115.96,14.09,-0.98,0.21,864.45
8.64,435.0,10.04,0.0,74.63,4365.47,-0.97,0.23,3426.85
4.49,233.0,9.48,0.0,20.18,2208.17,-0.97,0.24,2949.62
2.02,244.0,11.73,0.0,4.09,2862.53,-0.97,0.26,3542.59
13.11,333.0,11.31,0.0,171.84,3766.24,-0.96,0.28,3152.73
5.62,220.0,10.79,0.0,31.53,2373.54,-0.96,0.29,2769.53
5.53,13.0,2.39,1.0,30.59,31.11,-0.95,0.31,1790.31
5.47,44.0,2.94,1.0,29.94,129.48,-0.95,0.33,1586.84
6.2,247.0,11.68,0.0,38.39,2885.94,-0.94,0.34,2916.97
5.23,238.0,10.78,0.0,27.34,2565.25,-0.93,0.36,2944.68
4.0,486.0,10.92,0.0,16.03,5305.14,-0.93,0.37,4368.85
4.15,209.0,11.45,0.0,17.22,2392.37,-0.92,0.39,3058.62
5.76,229.0,9.1,0.0,33.18,2083.05,-0.91,0.41,2890.81
4.3,8.0,3.14,1.0,18.49,25.14,-0.91,0.42,1822.3
3.87,25.0,0.47,1.0,14.94,11.83,-0.9,0.44,1445.01
6.4,287.0,9.38,0.0,40.95,2692.45,-0.89,0.45,2602.66
5.39,443.0,9.34,0.0,29.1,4138.7,-0.88,0.47,3636.98
10.75,214.0,11.91,0.0,115.63,2549.62,-0.88,0.48,2522.41
-1.63,203.0,11.43,0.0,2.65,2319.51,-0.87,0.5,3394.97
9.69,390.0,10.8,0.0,93.84,4213.82,-0.86,0.51,3433.52
10.24,23.0,0.74,1.0,104.86,16.97,-0.85,0.53,1428.09
0.37,4.0,1.45,1.0,0.14,5.8,-0.84,0.54,1775.27
5.66,308.0,11.79,0.0,32.04,3630.82,-0.83,0.56,3032.93
5.67,336.0,9.99,0.0,32.16,3354.97,-0.82,0.57,3720.72
2.66,353.0,9.52,0.0,7.09,3361.29,-0.81,0.58,3905.73
4.65,408.0,8.65,0.0,21.65,3530.07,-0.8,0.6,3563.92
3.76,471.0,11.14,0.0,14.13,5249.21,-0.79,0.61,4654.38
12.45,34.0,2.07,1.0,155.1,70.46,-0.78,0.63,1670.35
10.11,11.0,1.19,1.0,102.27,13.14,-0.77,0.64,1283.1
11.23,268.0,8.1,0.0,126.15,2171.01,-0.76,0.65,1897.66
9.7,446.0,11.36,0.0,94.0,5064.77,-0.75,0.66,3904.11
4.26,460.0,8.05,0.0,18.14,3701.01,-0.74,0.68,3729.72
6.19,475.0,10.81,0.0,38.32,5137.03,-0.72,0.69,4183.04
9.35,278.0,11.88,0.0,87.45,3302.93,-0.71,0.7,3465.56
4.34,22.0,0.74,1.0,18.83,16.38,-0.7,0.71,2083.02
10.27,30.0,3.21,1.0,105.44,96.32,-0.69,0.73,1589.59
7.53,457.0,10.82,0.0,56.77,4944.5,-0.67,0.74,3488.25
7.26,292.0,11.27,0.0,52.7,3290.41,-0.66,0.75,3460.75
10.65,212.0,10.19,0.0,113.35,2159.37,-0.65,0.76,2446.79
9.98,459.0,11.87,0.0,99.57,5447.48,-0.64,0.77,4140.64
7.7,308.0,8.21,0.0,59.24,2527.66,-0.62,0.78,2797.14
12.39,22.0,1.99,1.0,153.59,43.69,-0.61,0.79,1105.85
5.81,47.0,1.75,1.0,33.75,82.13,-0.59,0.8,1279.59
11.04,304.0,11.45,0.0,121.88,3480.97,-0.58,0.81,2773.76
11.11,207.0,8.72,0.0,123.48,1804.42,-0.57,0.82,2098.12
8.55,266.0,11.2,0.0,73.05,2979.2,-0.55,0.83,2924.53
10.6,390.0,10.21,0.0,112.32,3982.22,-0.54,0.84,3481.47
6.01,455.0,9.59,0.0,36.15,4361.73,-0.52,0.85,4022.95
12.69,2.0,3.01,1.0,160.92,6.01,-0.51,0.86,1698.46
9.51,20.0,2.63,1.0,90.39,52.56,-0.49,0.87,1220.56
8.64,466.0,8.63,0.0,74.73,4021.16,-0.48,0.88,2957.73
13.51,298.0,9.24,0.0,182.56,2753.27,-0.46,0.89,2842.97
8.4,497.0,9.16,0.0,70.64,4552.61,-0.45,0.89,3630.48
6.45,363.0,11.49,0.0,41.56,4169.29,-0.43,0.9,4026.93
6.16,340.0,10.69,0.0,37.92,3634.88,-0.42,0.91,3917.26
12.8,32.0,0.99,1.0,163.92,31.61,-0.4,0.92,1491.86
7.3,37.0,3.63,1.0,53.32,134.13,-0.39,0.92,1128.82
16.57,273.0,10.5,0.0,274.47,2866.36,-0.37,0.93,2102.91
5.22,272.0,10.29,0.0,27.22,2798.06,-0.35,0.94,3214.34
16.71,398.0,11.33,0.0,279.36,4509.87,-0.34,0.94,3368.85
12.42,329.0,11.62,0.0,154.27,3824.41,-0.32,0.95,3300.28
11.66,445.0,8.05,0.0,135.97,3581.64,-0.3,0.95,3299.08
10.48,20.0,0.26,1.0,109.84,5.23,-0.29,0.96,1547.02
13.48,23.0,1.95,1.0,181.65,44.86,-0.27,0.96,1007.13
12.33,302.0,10.2,0.0,152.12,3079.02,-0.26,0.97,2409.34
15.92,495.0,9.15,0.0,253.55,4529.51,-0.24,0.97,3274.44
13.12,350.0,9.23,0.0,172.23,3229.49,-0.22,0.98,3082.49
13.4,356.0,9.41,0.0,179.56,3350.61,-0.21,0.98,3013.5
12.03,405.0,10.49,0.0,144.65,4246.49,-0.19,0.98,3400.58
13.12,43.0,1.64,1.0,172.04,70.71,-0.17,0.99,1565.68
14.38,46.0,1.39,1.0,206.79,63.91,-0.15,0.99,922.99
8.5,422.0,9.62,0.0,72.19,4058.84,-0.14,0.99,3032.26
9.75,288.0,8.27,0.0,95.13,2382.74,-0.12,0.99,2572.46
16.2,486.0,11.14,0.0,262.4,5411.63,-0.1,0.99,3670.09
14.65,475.0,9.14,0.0,214.71,4342.94,-0.09,1.0,3520.34
13.76,435.0,9.73,0.0,189.34,4233.01,-0.07,1.0,3676.67
14.54,27.0,3.75,1.0,211.39,101.18,-0.05,1.0,1262.15
15.7,34.0,0.21,1.0,246.44,7.11,-0.03,1.0,904.24
13.21,329.0,8.23,0.0,174.47,2706.47,-0.02,1.0,2121.42
12.67,352.0,9.5,0.0,160.4,3342.48,0.0,1.0,2794.03
15.76,212.0,11.78,0.0,248.37,2496.89,0.02,1.0,2187.63
12.41,321.0,10.57,0.0,153.99,3391.99,0.03,1.0,2879.15
16.74,419.0,10.69,0.0,280.26,4477.4,0.05,1.0,3366.39
10.58,49.0,2.62,1.0,111.94,128.22,0.07,1.0,1657.15
18.95,9.0,0.79,1.0,358.99,7.13,0.09,1.0,884.18
17.45,394.0,9.67,0.0,304.46,3811.29,0.1,0.99,2458.12
16.97,385.0,11.0,0.0,287.99,4236.45,0.12,0.99,3383.7
19.32,298.0,8.41,0.0,373.3,2504.84,0.14,0.99,2459.85
21.54,281.0,9.11,0.0,463.95,2560.31,0.15,0.99,2311.53
19.76,274.0,9.11,0.0,390.3,2494.85,0.17,0.99,2232.12
11.36,44.0,0.46,1.0,129.04,20.08,0.19,0.98,1180.94
13.21,36.0,0.6,1.0,174.57,21.78,0.21,0.98,1008.85
15.34,343.0,8.27,0.0,235.46,2836.61,0.22,0.98,2317.8
17.47,415.0,10.07,0.0,305.03,4181.04,0.24,0.97,2853.06
19.11,214.0,8.72,0.0,365.06,1865.54,0.26,0.97,2021.44
15.54,416.0,11.88,0.0,241.56,4943.21,0.27,0.96,3485.26
18.45,234.0,8.45,0.0,340.22,1978.05,0.29,0.96,2292.59
15.78,47.0,0.46,1.0,249.11,21.58,0.3,0.95,1267.74
16.38,1.0,3.44,1.0,268.24,3.44,0.32,0.95,714.85
14.16,299.0,10.82,0.0,200.37,3234.65,0.34,0.94,2396.35
15.77,206.0,9.69,0.0,248.6,1996.33,0.35,0.94,2047.99
14.64,229.0,9.39,0.0,214.39,2149.42,0.37,0.93,2051.77
15.93,343.0,9.59,0.0,253.73,3289.52,0.39,0.92,2657.79
22.18,310.0,9.06,0.0,491.77,2807.7,0.4,0.92,2601.67
16.32,43.0,1.83,1.0,266.46,78.83,0.42,0.91,1000.82
27.22,11.0,1.94,1.0,741.2,21.33,0.43,0.9,918.14
20.96,271.0,9.07,0.0,439.42,2459.09,0.45,0.89,1692.57
20.19,409.0,9.15,0.0,407.64,3742.29,0.46,0.89,2731.06
17.21,419.0,10.63,0.0,296.26,4452.72,0.48,0.88,3345.17
22.04,279.0,11.87,0.0,485.7,3312.89,0.49,0.87,3135.97
18.36,282.0,10.41,0.0,337.08,2936.9,0.51,0.86,2588.17
20.6,29.0,1.65,1.0,424.37,47.76,0.52,0.85,776.82
28.06,8.0,2.6,1.0,787.38,20.83,0.54,0.84,577.6
20.24,390.0,11.81,0.0,409.5,4604.22,0.55,0.83,3045.72
24.11,372.0,9.19,0.0,581.53,3418.37,0.57,0.82,2977.23
18.7,206.0,8.37,0.0,349.63,1723.86,0.58,0.81,2080.61
20.84,354.0,10.4,0.0,434.4,3680.25,0.59,0.8,2832.94
26.4,209.0,10.49,0.0,696.81,2193.37,0.61,0.79,2441.77
19.34,30.0,0.21,1.0,374.02,6.23,0.62,0.78,955.56
26.79,24.0,3.15,1.0,717.79,75.48,0.64,0.77,1000.22
23.61,205.0,8.06,0.0,557.41,1652.39,0.65,0.76,1325.93
19.93,414.0,11.86,0.0,397.16,4910.07,0.66,0.75,3210.32
23.64,333.0,9.0,0.0,558.93,2998.19,0.67,0.74,2471.43
24.79,484.0,10.7,0.0,614.45,5180.79,0.69,0.73,3685.8
23.86,325.0,10.83,0.0,569.3,3518.62,0.7,0.71,3076.37
17.41,46.0,2.08,1.0,302.97,95.57,0.71,0.7,1305.49
20.06,0.0,0.82,1.0,402.2,0.0,0.72,0.69,848.78
21.61,225.0,9.08,0.0,467.06,2043.99,0.74,0.68,1624.68
22.25,314.0,10.39,0.0,494.9,3262.67,0.75,0.66,2530.41
24.45,483.0,11.46,0.0,597.56,5537.3,0.76,0.65,3646.6
23.23,274.0,11.79,0.0,539.51,3229.62,0.77,0.64,3174.24
18.8,365.0,8.42,0.0,353.32,3074.62,0.78,0.63,2689.4
24.05,16.0,3.94,1.0,578.4,63.04,0.79,0.61,1094.78
24.85,21.0,3.09,1.0,617.29,64.85,0.8,0.6,1104.76
24.79,289.0,10.95,0.0,614.78,3163.43,0.81,0.58,2169.35
26.46,375.0,11.53,0.0,699.98,4324.49,0.82,0.57,3096.36
25.81,220.0,8.81,0.0,666.34,1938.32,0.83,0.56,2077.24
24.78,253.0,10.35,0.0,614.23,2618.64,0.84,0.54,2350.91
23.29,383.0,10.8,0.0,542.32,4138.15,0.85,0.53,3195.16
18.6,46.0,1.99,1.0,346.14,91.6,0.86,0.51,1397.53
24.96,16.0,0.42,1.0,623.17,6.75,0.87,0.5,1255.19
24.38,475.0,8.06,0.0,594.48,3829.25,0.88,0.48,2352.86
24.66,311.0,10.33,0.0,607.89,3213.16,0.88,0.47,2841.98
20.09,423.0,9.01,0.0,403.59,3812.25,0.89,0.45,2971.01
20.75,413.0,9.8,0.0,430.69,4047.82,0.9,0.44,3140.71
27.23,258.0,11.83,0.0,741.45,3052.22,0.91,0.42,2737.95
24.02,16.0,0.82,1.0,577.09,13.04,0.91,0.41,1038.03
26.25,47.0,2.09,1.0,689.28,98.39,0.92,0.39,1174.08
24.36,390.0,8.75,0.0,593.43,3414.12,0.93,0.37,2624.37
24.43,399.0,10.69,0.0,596.71,4265.25,0.93,0.36,3243.83
27.21,395.0,11.91,0.0,740.57,4703.67,0.94,0.34,3864.49
22.91,234.0,8.41,0.0,524.77,1967.37,0.95,0.33,2085.79
24.8,445.0,8.03,0.0,614.99,3574.81,0.95,0.31,2665.02
23.18,13.0,1.58,1.0,537.1,20.59,0.96,0.29,855.6
23.31,46.0,3.66,1.0,543.25,168.38,0.96,0.28,816.12
23.73,206.0,10.99,0.0,563.11,2264.67,0.97,0.26,1944.85
25.37,482.0,11.66,0.0,643.49,5619.25,0.97,0.24,3834.52
23.3,200.0,9.74,0.0,543.11,1947.22,0.97,0.23,2361.49
28.55,418.0,9.03,0.0,814.86,3776.57,0.98,0.21,2849.35
22.13,429.0,9.74,0.0,489.7,4177.44,0.98,0.19,3419.56
24.28,30.0,3.43,1.0,589.72,102.86,0.98,0.18,1358.68
23.55,34.0,3.62,1.0,554.81,123.24,0.99,0.16,1040.9
29.24,240.0,10.36,0.0,854.99,2485.88,0.99,0.14,1875.26
25.51,322.0,10.45,0.0,650.86,3365.92,0.99,0.12,2791.57
28.04,497.0,10.55,0.0,786.11,5243.72,0.99,0.11,3683.22
20.5,377.0,8.97,0.0,420.35,3380.97,1.0,0.09,3008.36
25.77,262.0,10.86,0.0,664.32,2844.33,1.0,0.07,2751.26
27.65,24.0,3.58,1.0,764.7,85.82,1.0,0.06,1270.54
25.24,33.0,2.62,1.0,637.02,86.37,1.0,0.04,792.99
28.19,408.0,11.51,0.0,794.91,4696.03,1.0,0.02,3228.99
23.45,426.0,10.95,0.0,549.81,4666.78,1.0,0.0,3354.51
29.23,247.0,8.05,0.0,854.23,1989.58,1.0,-0.01,2614.75
31.89,423.0,8.99,0.0,1017.11,3804.25,1.0,-0.03,3204.37
23.9,202.0,8.86,0.0,571.22,1789.24,1.0,-0.05,2318.35
23.64,5.0,3.21,1.0,558.98,16.07,1.0,-0.06,965.71
29.33,5.0,2.02,1.0,860.06,10.1,1.0,-0.08,869.32
29.69,315.0,8.25,0.0,881.48,2598.78,1.0,-0.1,2121.68
23.36,469.0,9.84,0.0,545.88,4612.97,0.99,-0.12,3489.15
23.65,452.0,10.93,0.0,559.35,4940.78,0.99,-0.13,3641.44
24.04,294.0,10.43,0.0,577.99,3065.52,0.99,-0.15,2988.31
20.83,472.0,10.69,0.0,433.73,5046.38,0.99,-0.17,3646.19
22.07,13.0,0.66,1.0,487.23,8.63,0.98,-0.18,1046.94
21.78,12.0,3.53,1.0,474.53,42.33,0.98,-0.2,802.36
22.46,350.0,11.35,0.0,504.3,3973.89,0.98,-0.22,2585.78
24.62,249.0,11.22,0.0,606.0,2793.87,0.97,-0.23,2568.89
25.38,405.0,11.29,0.0,644.25,4573.23,0.97,-0.25,3246.2
29.29,278.0,11.73,0.0,857.68,3261.17,0.96,-0.27,3183.51
21.59,269.0,10.18,0.0,466.22,2737.62,0.96,-0.28,2560.36
27.49,46.0,2.88,1.0,755.69,132.36,0.95,-0.3,1225.06
23.84,43.0,3.56,1.0,568.42,153.12,0.95,-0.32,1028.6
24.28,249.0,10.97,0.0,589.48,2731.91,0.94,-0.33,2303.85
26.39,491.0,10.95,0.0,696.6,5377.27,0.94,-0.35,3759.41
20.94,446.0,10.09,0.0,438.44,4498.27,0.93,-0.37,3481.82
25.39,463.0,8.27,0.0,644.66,3830.79,0.92,-0.38,2989.96
24.68,278.0,9.48,0.0,608.87,2636.68,0.92,-0.4,2476.29
25.58,35.0,2.16,1.0,654.51,75.71,0.91,-0.41,1084.28
24.9,34.0,2.84,1.0,620.06,96.59,0.9,-0.43,911.1
31.32,388.0,10.15,0.0,981.21,3939.49,0.9,-0.44,2903.92
21.97,455.0,9.08,0.0,482.56,4129.31,0.89,-0.46,3347.79
22.21,421.0,9.47,0.0,493.16,3988.47,0.88,-0.47,3139.32
21.85,440.0,11.58,0.0,477.32,5095.81,0.87,-0.49,3772.83
21.96,468.0,10.67,0.0,482.46,4991.62,0.86,-0.5,4016.0
21.63,16.0,1.98,1.0,467.9,31.63,0.85,-0.52,1420.54
27.02,6.0,3.31,1.0,730.06,19.88,0.85,-0.53,922.3
27.62,278.0,10.52,0.0,762.91,2924.83,0.84,-0.55,2220.96
21.55,435.0,8.99,0.0,464.46,3912.19,0.83,-0.56,2906.5
20.67,297.0,10.82,0.0,427.18,3214.09,0.82,-0.58,2665.84
24.48,281.0,9.71,0.0,599.22,2728.62,0.81,-0.59,2437.86
21.31,391.0,9.77,0.0,453.91,3820.14,0.8,-0.61,3108.05
24.76,35.0,0.96,1.0,612.82,33.58,0.79,-0.62,1179.99
23.36,12.0,0.57,1.0,545.58,6.81,0.77,-0.63,625.69
18.09,213.0,8.26,0.0,327.31,1758.53,0.76,-0.65,1924.7
27.17,408.0,11.3,0.0,738.16,4609.98,0.75,-0.66,3326.95
27.8,288.0,9.17,0.0,772.83,2640.83,0.74,-0.67,2423.38
20.46,255.0,9.78,0.0,418.5,2492.8,0.73,-0.68,2285.91
21.01,293.0,8.09,0.0,441.57,2369.68,0.72,-0.7,2246.11
22.91,46.0,1.41,1.0,525.03,64.84,0.71,-0.71,1306.65
22.94,3.0,3.37,1.0,526.07,10.1,0.69,-0.72,620.54
23.78,444.0,8.22,0.0,565.65,3651.77,0.68,-0.73,2705.67
27.71,221.0,9.96,0.0,767.91,2202.13,0.67,-0.74,2471.19
21.02,490.0,11.71,0.0,441.87,5737.14,0.66,-0.76,3794.44
19.03,471.0,8.42,0.0,361.98,3966.56,0.64,-0.77,3305.72
17.15,321.0,11.06,0.0,294.11,3549.54,0.63,-0.78,2910.49
18.96,44.0,1.3,1.0,359.48,57.22,0.62,-0.79,1195.91
20.92,25.0,2.75,1.0,437.52,68.63,0.6,-0.8,837.21
26.26,472.0,9.04,0.0,689.67,4267.33,0.59,-0.81,3005.33
19.18,329.0,8.64,0.0,368.06,2841.89,0.57,-0.82,2742.94
21.27,331.0,8.64,0.0,452.3,2860.45,0.56,-0.83,2391.2
20.4,284.0,8.28,0.0,416.29,2352.08,0.55,-0.84,1942.52
23.87,280.0,8.74,0.0,569.9,2447.92,0.53,-0.85,2230.14
27.74,2.0,1.12,1.0,769.59,2.23,0.52,-0.86,1125.83
18.42,7.0,2.57,1.0,339.29,18.0,0.5,-0.87,844.94
18.39,215.0,11.26,0.0,338.35,2420.15,0.49,-0.87,1903.71
22.84,304.0,10.74,0.0,521.85,3265.12,0.47,-0.88,2590.71
21.6,364.0,8.44,0.0,466.76,3072.79,0.46,-0.89,2824.09
24.95,400.0,9.16,0.0,622.27,3662.7,0.44,-0.9,2973.7
21.0,396.0,9.24,0.0,441.08,3658.73,0.43,-0.91,2901.64
18.02,38.0,1.22,1.0,324.56,46.2,0.41,-0.91,1120.22
20.71,44.0,2.61,1.0,428.82,114.96,0.39,-0.92,814.58
22.1,299.0,10.14,0.0,488.55,3032.52,0.38,-0.93,2467.58
21.08,413.0,9.43,0.0,444.31,3893.58,0.36,-0.93,2902.0
19.98,477.0,9.42,0.0,399.12,4491.03,0.35,-0.94,3373.23
21.49,361.0,11.31,0.0,462.0,4084.43,0.33,-0.94,3178.69
21.64,356.0,11.16,0.0,468.24,3971.95,0.31,-0.95,3332.67
22.11,41.0,1.04,1.0,489.01,42.69,0.3,-0.95,1478.59
19.75,15.0,3.63,1.0,390.0,54.43,0.28,-0.96,872.43
17.14,217.0,11.81,0.0,293.62,2563.04,0.26,-0.96,2040.43
17.91,296.0,9.31,0.0,320.78,2754.86,0.25,-0.97,2355.07
20.92,200.0,9.42,0.0,437.75,1883.54,0.23,-0.97,1579.97
14.68,415.0,10.02,0.0,215.63,4159.35,0.21,-0.98,3234.12
18.07,331.0,11.76,0.0,326.62,3894.04,0.2,-0.98,3149.84
15.62,49.0,3.46,1.0,243.91,169.45,0.18,-0.98,1394.73
16.71,4.0,2.19,1.0,279.37,8.75,0.16,-0.99,749.88
20.29,281.0,9.57,0.0,411.82,2689.43,0.15,-0.99,1980.23
16.86,482.0,10.21,0.0,284.29,4922.9,0.13,-0.99,3386.28
16.26,370.0,10.01,0.0,264.25,3704.64,0.11,-0.99,3288.8
11.87,258.0,8.78,0.0,140.8,2264.07,0.09,-1.0,2468.54
18.01,231.0,11.44,0.0,324.45,2641.55,0.08,-1.0,2685.73
17.54,22.0,2.96,1.0,307.6,65.11,0.06,-1.0,1127.63
21.92,4.0,3.67,1.0,480.49,14.69,0.04,-1.0,532.91
14.33,305.0,11.44,0.0,205.49,3487.69,0.03,-1.0,2518.89
15.74,304.0,10.99,0.0,247.86,3342.0,0.01,-1.0,2679.6
15.66,427.0,9.76,0.0,245.3,4166.17,-0.01,-1.0,2908.96
19.47,387.0,10.44,0.0,379.24,4041.13,-0.03,-1.0,3421.48
14.28,269.0,8.64,0.0,204.03,2324.55,-0.04,-1.0,2548.6
15.23,28.0,3.22,1.0,232.1,90.15,-0.06,-1.0,1222.08
16.05,22.0,0.07,1.0,257.6,1.58,-0.08,-1.0,834.79
14.61,255.0,10.78,0.0,213.58,2747.83,-0.09,-1.0,1955.52
12.54,312.0,8.92,0.0,157.35,2782.54,-0.11,-0.99,2463.66
14.29,212.0,8.47,0.0,204.34,1795.68,-0.13,-0.99,2166.9
16.76,217.0,8.66,0.0,280.99,1879.47,-0.15,-0.99,1744.17
10.29,381.0,8.01,0.0,105.93,3051.04,-0.16,-0.99,2352.51
13.6,39.0,3.49,1.0,184.99,136.15,-0.18,-0.98,1238.84
10.93,31.0,0.45,1.0,119.53,13.96,-0.2,-0.98,1026.83
16.45,370.0,10.06,0.0,270.6,3722.1,-0.21,-0.98,2646.66
8.13,494.0,8.65,0.0,66.05,4270.85,-0.23,-0.97,3728.06
10.85,388.0,8.33,0.0,117.79,3233.68,-0.25,-0.97,3222.17
13.49,278.0,8.08,0.0,182.11,2245.27,-0.26,-0.96,2441.23
16.89,345.0,8.66,0.0,285.42,2988.73,-0.28,-0.96,2691.33
11.84,47.0,1.88,1.0,140.08,88.13,-0.3,-0.95,1047.23
10.2,2.0,1.21,1.0,104.11,2.41,-0.31,-0.95,1148.5
17.35,449.0,9.42,0.0,301.0,4228.27,-0.33,-0.94,2943.81
7.2,395.0,8.42,0.0,51.84,3326.45,-0.35,-0.94,3060.31
4.79,270.0,8.89,0.0,22.91,2400.15,-0.36,-0.93,2828.49
12.54,447.0,10.08,0.0,157.33,4504.37,-0.38,-0.93,3436.9
9.56,345.0,10.43,0.0,91.35,3598.7,-0.39,-0.92,3257.53
7.84,3.0,3.61,1.0,61.51,10.83,-0.41,-0.91,1749.92
12.88,3.0,3.41,1.0,165.77,10.23,-0.43,-0.91,905.97
11.33,495.0,9.56,0.0,128.28,4734.25,-0.44,-0.9,3179.07
8.75,269.0,8.94,0.0,76.54,2404.0,-0.46,-0.89,2665.16
6.45,392.0,8.88,0.0,41.57,3480.26,-0.47,-0.88,3516.89
12.75,267.0,11.84,0.0,162.68,3161.13,-0.49,-0.87,2917.41
11.94,251.0,10.47,0.0,142.52,2626.77,-0.5,-0.87,2572.56
9.54,21.0,0.96,1.0,91.05,20.12,-0.52,-0.86,1349.86
15.23,5.0,3.18,1.0,232.03,15.89,-0.53,-0.85,1036.45
6.34,450.0,9.72,0.0,40.16,4372.1,-0.55,-0.84,3300.97
4.83,497.0,10.16,0.0,23.31,5051.32,-0.56,-0.83,4586.93
7.19,383.0,10.79,0.0,51.65,4130.93,-0.57,-0.82,3966.18
8.99,378.0,10.81,0.0,80.74,4085.64,-0.59,-0.81,3670.35
9.71,397.0,8.69,0.0,94.36,3448.65,-0.6,-0.8,3655.56
8.12,47.0,0.25,1.0,65.99,11.96,-0.62,-0.79,1423.59
9.77,10.0,3.33,1.0,95.42,33.25,-0.63,-0.78,1091.11
4.82,264.0,11.48,0.0,23.28,3031.28,-0.64,-0.77,2732.87
12.78,381.0,10.53,0.0,163.32,4010.28,-0.66,-0.76,3378.57
8.07,440.0,10.13,0.0,65.17,4457.21,-0.67,-0.74,4047.23
11.54,223.0,8.46,0.0,133.27,1886.93,-0.68,-0.73,2657.96
9.1,282.0,10.42,0.0,82.73,2939.16,-0.69,-0.72,2981.66
9.31,22.0,3.32,1.0,86.76,72.98,-0.71,-0.71,1398.21
9.53,13.0,3.52,1.0,90.87,45.71,-0.72,-0.7,1070.46
9.05,261.0,8.57,0.0,81.86,2237.13,-0.73,-0.68,1939.4
9.52,485.0,10.77,0.0,90.55,5222.62,-0.74,-0.67,4170.21
11.46,221.0,8.83,0.0,131.35,1950.33,-0.75,-0.66,2520.9
7.95,411.0,9.57,0.0,63.21,3932.22,-0.76,-0.65,3299.49
9.38,325.0,11.58,0.0,87.95,3764.38,-0.77,-0.63,3576.84
6.87,22.0,3.1,1.0,47.26,68.1,-0.79,-0.62,1557.07
11.36,9.0,2.41,1.0,129.02,21.67,-0.8,-0.61,1115.91
4.91,230.0,9.68,0.0,24.07,2225.73,-0.81,-0.59,2447.82
12.24,357.0,8.07,0.0,149.75,2881.88,-0.82,-0.58,2688.1
6.62,311.0,11.17,0.0,43.77,3474.19,-0.83,-0.56,3255.05
2.35,446.0,8.28,0.0,5.52,3691.18,-0.84,-0.55,3662.74
6.93,321.0,9.9,0.0,48.05,3176.94,-0.85,-0.53,3358.98
4.41,29.0,2.81,1.0,19.48,81.51,-0.85,-0.52,2055.38
8.89,24.0,0.95,1.0,79.04,22.79,-0.86,-0.5,1229.96
4.33,406.0,10.75,0.0,18.71,4366.34,-0.87,-0.49,3740.14
4.86,309.0,9.01,0.0,23.63,2785.04,-0.88,-0.47,3106.8
0.45,477.0,8.04,0.0,0.2,3835.04,-0.89,-0.46,4138.42
4.68,255.0,10.89,0.0,21.95,2777.91,-0.9,-0.44,3283.72
-1.31,256.0,10.14,0.0,1.7,2596.51,-0.9,-0.43,3853.28
1.14,24.0,3.8,1.0,1.3,91.25,-0.91,-0.41,2295.15
8.11,9.0,2.4,1.0,65.7,21.62,-0.92,-0.4,1463.3
8.11,397.0,11.37,0.0,65.85,4515.2,-0.92,-0.38,3582.3
6.97,378.0,9.94,0.0,48.57,3757.46,-0.93,-0.37,3638.05
2.73,418.0,9.33,0.0,7.45,3901.83,-0.94,-0.35,4033.36
5.43,476.0,11.17,0.0,29.48,5315.13,-0.94,-0.33,4398.51
5.51,215.0,9.81,0.0,30.31,2108.11,-0.95,-0.32,3048.62
1.99,24.0,1.45,1.0,3.95,34.74,-0.95,-0.3,1953.03
9.92,13.0,1.89,1.0,98.47,24.57,-0.96,-0.28,1136.04
8.0,367.0,11.53,0.0,63.96,4231.6,-0.96,-0.27,3190.98
4.66,225.0,9.87,0.0,21.69,2219.68,-0.97,-0.25,2767.38
5.36,264.0,8.3,0.0,28.72,2191.94,-0.97,-0.23,2480.3
5.87,299.0,9.55,0.0,34.4,2855.84,-0.98,-0.22,2935.72
-0.92,273.0,11.21,0.0,0.85,3061.46,-0.98,-0.2,3882.43
4.43,10.0,1.93,1.0,19.62,19.28,-0.98,-0.18,1751.64
3.09,10.0,0.78,1.0,9.58,7.84,-0.99,-0.17,1691.99
2.11,472.0,8.27,0.0,4.45,3902.45,-0.99,-0.15,3964.52
4.25,386.0,11.51,0.0,18.02,4442.63,-0.99,-0.13,4299.61
10.46,222.0,9.56,0.0,109.42,2121.79,-0.99,-0.12,2870.23
6.97,380.0,10.17,0.0,48.6,3863.48,-1.0,-0.1,3480.28
3.32,307.0,11.87,0.0,11.02,3644.78,-1.0,-0.08,3954.54
6.74,16.0,0.03,1.0,45.41,0.49,-1.0,-0.06,1630.02
